{"Num de clase": 1, "Intensidades3D": [{"intensidad_A1": [0.6605480460737391, 0.6605480460737391, 0.6605480460737391, 0.6605480460737391], "intensidad_A2": [0.10112350101754208, 0.10112350101754208, 0.10112350101754208, 0.10112350101754208], "intensidad_A3": [0.009493574594545251, 0.009493574594545251, 0.009493574594545251, 0.009493574594545251]}]}